timestamp,level,service,message
2026-01-29T14:32:43.480354,WARN,orders,User login
2026-01-29T14:32:43.681874,INFO,auth,Cache hit
2026-01-29T14:32:43.884991,INFO,search,Request OK
2026-01-29T14:32:44.087455,INFO,payment,User login
2026-01-29T14:32:44.292624,INFO,auth,Cache hit
2026-01-29T14:32:44.497674,INFO,auth,Cache hit
2026-01-29T14:32:44.699727,INFO,search,Cache hit
2026-01-29T14:32:44.901172,INFO,auth,Request OK
2026-01-29T14:32:45.103377,INFO,orders,Request OK
2026-01-29T14:32:45.306192,INFO,auth,User login
2026-01-29T14:32:45.508961,INFO,auth,Cache hit
2026-01-29T14:32:45.711435,INFO,auth,User login
2026-01-29T14:32:45.914971,INFO,auth,Cache hit
2026-01-29T14:32:46.117640,INFO,payment,Cache hit
2026-01-29T14:32:46.321294,WARN,orders,Request OK
2026-01-29T14:32:46.524457,INFO,search,User login
2026-01-29T14:32:46.727478,INFO,search,Cache hit
2026-01-29T14:32:46.930533,WARN,orders,User login
2026-01-29T14:32:47.132452,INFO,payment,User login
2026-01-29T14:32:47.335598,WARN,payment,Cache hit
2026-01-29T14:32:47.537913,INFO,payment,Request OK
2026-01-29T14:32:47.750735,INFO,auth,Cache hit
2026-01-29T14:32:47.953702,ERROR,auth,Timeout
2026-01-29T14:32:48.157303,INFO,auth,User login
2026-01-29T14:32:48.360296,INFO,auth,Request OK
2026-01-29T14:32:48.563135,INFO,auth,Request OK
2026-01-29T14:32:48.766896,WARN,search,User login
2026-01-29T14:32:48.970436,INFO,search,User login
2026-01-29T14:32:49.173535,INFO,payment,Cache hit
2026-01-29T14:32:49.386910,INFO,payment,Request OK
2026-01-29T14:32:49.588915,INFO,search,User login
2026-01-29T14:32:49.792194,INFO,search,Cache hit
2026-01-29T14:32:49.994837,INFO,auth,Request OK
2026-01-29T14:32:50.197533,INFO,orders,User login
2026-01-29T14:32:50.401117,ERROR,auth,DB failure
2026-01-29T14:32:50.603434,INFO,search,Cache hit
2026-01-29T14:32:50.805474,INFO,auth,Cache hit
2026-01-29T14:32:51.007556,WARN,search,User login
2026-01-29T14:32:51.211680,INFO,search,User login
2026-01-29T14:32:51.413311,INFO,orders,Cache hit
2026-01-29T14:32:51.615124,WARN,auth,User login
2026-01-29T14:32:51.817486,INFO,payment,Request OK
2026-01-29T14:32:52.019863,INFO,auth,User login
2026-01-29T14:32:52.221947,INFO,orders,Cache hit
2026-01-29T14:32:52.425114,INFO,search,Cache hit
2026-01-29T14:32:52.627999,INFO,payment,Cache hit
2026-01-29T14:32:52.831330,INFO,search,Cache hit
2026-01-29T14:32:53.034205,ERROR,payment,DB failure
2026-01-29T14:32:53.237170,INFO,orders,Cache hit
2026-01-29T14:32:53.440030,INFO,search,User login
2026-01-29T14:32:53.642565,INFO,payment,Cache hit
2026-01-29T14:32:53.845621,INFO,search,Request OK
2026-01-29T14:32:54.048752,INFO,auth,Cache hit
2026-01-29T14:32:54.252783,INFO,payment,Request OK
2026-01-29T14:32:54.454209,ERROR,auth,Timeout
2026-01-29T14:32:54.656178,INFO,payment,Request OK
2026-01-29T14:32:54.857583,INFO,search,Cache hit
2026-01-29T14:32:55.059639,INFO,orders,Cache hit
2026-01-29T14:32:55.262738,INFO,payment,Cache hit
2026-01-29T14:32:55.465464,INFO,orders,User login
2026-01-29T14:32:55.668401,WARN,orders,Cache hit
2026-01-29T14:32:55.872019,INFO,search,Request OK
2026-01-29T14:32:56.073609,INFO,search,Cache hit
2026-01-29T14:32:56.278235,INFO,search,Request OK
2026-01-29T14:32:56.480296,INFO,orders,Cache hit
2026-01-29T14:32:56.683975,INFO,orders,Request OK
2026-01-29T14:32:56.886904,INFO,auth,Cache hit
2026-01-29T14:32:57.089584,WARN,orders,Cache hit
2026-01-29T14:32:57.292827,INFO,auth,Request OK
2026-01-29T14:32:57.495769,INFO,orders,Cache hit
2026-01-29T14:32:57.697416,INFO,auth,User login
2026-01-29T14:32:57.899271,INFO,search,Cache hit
2026-01-29T14:32:58.101375,INFO,search,User login
2026-01-29T14:32:58.303247,INFO,payment,Request OK
2026-01-29T14:32:58.505214,WARN,auth,User login
2026-01-29T14:32:58.707214,INFO,search,User login
2026-01-29T14:32:58.909354,INFO,search,Cache hit
2026-01-29T14:32:59.111435,INFO,orders,Request OK
2026-01-29T14:32:59.313461,ERROR,orders,DB failure
2026-01-29T14:32:59.516524,ERROR,search,DB failure
2026-01-29T14:32:59.719523,INFO,search,User login
2026-01-29T14:32:59.921770,INFO,auth,Cache hit
2026-01-29T14:33:00.124169,INFO,auth,Request OK
2026-01-29T14:33:00.327405,INFO,payment,Request OK
2026-01-29T14:33:00.530879,INFO,orders,User login
2026-01-29T14:33:00.732620,INFO,payment,Cache hit
2026-01-29T14:33:00.935583,INFO,auth,User login
2026-01-29T14:33:01.137300,INFO,search,Cache hit
2026-01-29T14:33:01.338962,INFO,payment,Request OK
2026-01-29T14:33:01.541216,ERROR,search,Timeout
2026-01-29T14:33:01.744484,INFO,search,Cache hit
2026-01-29T14:33:01.948104,INFO,auth,User login
2026-01-29T14:33:02.150819,ERROR,search,DB failure
2026-01-29T14:33:02.353612,INFO,payment,Request OK
2026-01-29T14:33:02.556476,INFO,orders,Cache hit
2026-01-29T14:33:02.760098,WARN,auth,Cache hit
2026-01-29T14:33:02.961956,INFO,auth,Cache hit
2026-01-29T14:33:03.163896,INFO,payment,User login
2026-01-29T14:33:03.366131,ERROR,payment,DB failure
2026-01-29T14:33:03.567821,INFO,search,Request OK
2026-01-29T14:33:03.771503,INFO,search,User login
2026-01-29T14:33:03.973418,INFO,auth,Cache hit
2026-01-29T14:33:04.175294,INFO,auth,Request OK
2026-01-29T14:33:04.377200,INFO,search,Request OK
2026-01-29T14:33:04.580876,INFO,orders,User login
2026-01-29T14:33:04.783099,INFO,payment,Request OK
2026-01-29T14:33:04.987254,INFO,orders,Cache hit
2026-01-29T14:33:05.189695,INFO,search,Cache hit
2026-01-29T14:33:05.391563,INFO,search,User login
2026-01-29T14:33:05.593774,INFO,search,Cache hit
2026-01-29T14:33:05.796325,INFO,auth,Cache hit
2026-01-29T14:33:05.998393,WARN,payment,Cache hit
2026-01-29T14:33:06.200964,INFO,search,Request OK
2026-01-29T14:33:06.403202,INFO,payment,User login
2026-01-29T14:33:06.605057,INFO,payment,Cache hit
2026-01-29T14:33:06.808407,WARN,payment,Cache hit
2026-01-29T14:33:07.011338,INFO,payment,Request OK
2026-01-29T14:33:07.214001,WARN,payment,Request OK
2026-01-29T14:33:07.417285,INFO,orders,User login
2026-01-29T14:33:07.619309,INFO,auth,Cache hit
2026-01-29T14:33:07.825725,INFO,orders,Cache hit
2026-01-29T14:33:08.028014,ERROR,payment,DB failure
2026-01-29T14:33:08.230374,WARN,auth,User login
2026-01-29T14:33:08.433150,INFO,orders,User login
2026-01-29T14:33:08.634614,INFO,auth,Request OK
2026-01-29T14:33:08.836961,INFO,payment,Request OK
2026-01-29T14:33:09.039618,INFO,auth,Cache hit
2026-01-29T14:33:09.243499,INFO,auth,User login
2026-01-29T14:33:09.445585,ERROR,orders,Null pointer
2026-01-29T14:33:09.648049,INFO,search,User login
2026-01-29T14:33:09.850298,INFO,auth,Cache hit
2026-01-29T14:33:10.052327,INFO,payment,Cache hit
2026-01-29T14:33:10.255092,INFO,payment,User login
2026-01-29T14:33:10.457740,INFO,payment,Cache hit
2026-01-29T14:33:10.659747,WARN,orders,Cache hit
2026-01-29T14:33:10.861848,INFO,payment,User login
2026-01-29T14:33:11.064551,INFO,auth,User login
2026-01-29T14:33:11.267865,WARN,search,Cache hit
2026-01-29T14:33:11.469975,INFO,orders,Cache hit
2026-01-29T14:33:11.672631,INFO,orders,Cache hit
2026-01-29T14:33:11.874529,INFO,orders,User login
2026-01-29T14:33:12.076469,INFO,payment,Request OK
2026-01-29T14:33:12.279043,INFO,search,User login
2026-01-29T14:33:12.481269,INFO,payment,User login
2026-01-29T14:33:12.683893,INFO,payment,User login
2026-01-29T14:33:12.886490,INFO,orders,Cache hit
2026-01-29T14:33:13.088623,WARN,orders,User login
2026-01-29T14:33:13.290269,INFO,payment,Request OK
2026-01-29T14:33:13.492606,INFO,payment,Request OK
2026-01-29T14:33:13.694795,INFO,search,Cache hit
2026-01-29T14:33:13.897071,INFO,payment,Cache hit
2026-01-29T14:33:14.099707,INFO,payment,Cache hit
2026-01-29T14:33:14.301626,ERROR,payment,DB failure
2026-01-29T14:33:14.503505,INFO,auth,User login
2026-01-29T14:33:14.706054,ERROR,auth,DB failure
2026-01-29T14:33:14.907610,INFO,payment,Cache hit
2026-01-29T14:33:15.109438,ERROR,payment,Null pointer
2026-01-29T14:33:15.311924,INFO,orders,Request OK
2026-01-29T14:33:15.514423,INFO,payment,Request OK
2026-01-29T14:33:15.716347,INFO,search,Cache hit
2026-01-29T14:33:15.918447,INFO,auth,Request OK
2026-01-29T14:33:16.120682,INFO,orders,Request OK
2026-01-29T14:33:16.325777,INFO,search,Request OK
2026-01-29T14:33:16.527902,INFO,search,Request OK
2026-01-29T14:33:16.730182,INFO,search,Cache hit
2026-01-29T14:33:16.932416,ERROR,payment,Timeout
2026-01-29T14:33:17.134623,INFO,payment,Cache hit
2026-01-29T14:33:17.337106,WARN,search,Cache hit
2026-01-29T14:33:17.539269,INFO,auth,Cache hit
2026-01-29T14:33:17.741327,INFO,search,Request OK
2026-01-29T14:33:17.943195,INFO,search,Cache hit
2026-01-29T14:33:18.145467,INFO,payment,Cache hit
2026-01-29T14:33:18.347359,INFO,auth,Request OK
2026-01-29T14:33:18.550223,INFO,auth,Cache hit
2026-01-29T14:33:18.752378,INFO,search,Cache hit
2026-01-29T14:33:18.955011,INFO,orders,Cache hit
2026-01-29T14:33:19.157310,ERROR,payment,Null pointer
2026-01-29T14:33:19.359421,INFO,orders,Cache hit
2026-01-29T14:33:19.562228,INFO,orders,User login
2026-01-29T14:33:19.764505,INFO,search,Cache hit
2026-01-29T14:33:19.966784,INFO,search,Cache hit
2026-01-29T14:33:20.168947,INFO,auth,Cache hit
2026-01-29T14:33:20.371625,INFO,search,Cache hit
2026-01-29T14:33:20.573468,INFO,search,User login
2026-01-29T14:33:20.776313,INFO,search,User login
2026-01-29T14:33:20.979014,WARN,search,Cache hit
2026-01-29T14:33:21.180405,INFO,auth,Cache hit
2026-01-29T14:33:21.382022,INFO,payment,Cache hit
2026-01-29T14:33:21.584439,INFO,payment,User login
2026-01-29T14:33:21.786484,INFO,payment,Cache hit
2026-01-29T14:33:21.990142,ERROR,search,DB failure
2026-01-29T14:33:22.192324,INFO,search,User login
2026-01-29T14:33:22.394632,INFO,payment,User login
2026-01-29T14:33:22.596437,INFO,search,Cache hit
2026-01-29T14:33:22.798296,INFO,auth,User login
2026-01-29T14:33:23.000402,INFO,payment,Cache hit
2026-01-29T14:33:23.202276,INFO,orders,User login
2026-01-29T14:33:23.404549,INFO,orders,Cache hit
2026-01-29T14:33:23.606959,INFO,auth,User login
2026-01-29T14:33:23.808500,ERROR,payment,Null pointer
2026-01-29T14:33:24.010356,INFO,payment,User login
2026-01-29T14:33:24.212724,INFO,search,Cache hit
2026-01-29T14:33:24.414534,INFO,auth,Request OK
2026-01-29T14:33:24.616375,INFO,search,Cache hit
2026-01-29T14:33:24.818384,WARN,payment,Request OK
2026-01-29T14:33:25.020273,ERROR,payment,DB failure
2026-01-29T14:33:25.222157,INFO,auth,Request OK
2026-01-29T14:33:25.423886,INFO,auth,Request OK
2026-01-29T14:33:25.625890,INFO,auth,Request OK
2026-01-29T14:33:25.828340,INFO,search,Request OK
2026-01-29T14:33:26.030642,INFO,search,User login
2026-01-29T14:33:26.233461,INFO,auth,User login
2026-01-29T14:33:26.436603,INFO,payment,User login
2026-01-29T14:33:26.639941,INFO,payment,Request OK
2026-01-29T14:33:26.842148,INFO,search,Request OK
2026-01-29T14:33:27.043700,INFO,orders,Request OK
2026-01-29T14:33:27.246012,INFO,payment,User login
2026-01-29T14:33:27.447913,INFO,auth,User login
2026-01-29T14:33:27.651711,ERROR,search,Timeout
2026-01-29T14:33:27.854510,INFO,orders,Request OK
2026-01-29T14:33:28.056683,INFO,orders,Cache hit
2026-01-29T14:33:28.258762,INFO,payment,Request OK
2026-01-29T14:33:28.461220,INFO,auth,Request OK
2026-01-29T14:33:28.662932,INFO,auth,User login
2026-01-29T14:33:28.865432,INFO,auth,User login
2026-01-29T14:33:29.068396,INFO,payment,Cache hit
2026-01-29T14:33:29.270384,INFO,auth,Cache hit
2026-01-29T14:33:29.476179,INFO,auth,Request OK
2026-01-29T14:33:29.678084,INFO,payment,User login
2026-01-29T14:33:29.880882,INFO,auth,User login
2026-01-29T14:33:30.083695,INFO,search,User login
2026-01-29T14:33:30.286675,ERROR,auth,DB failure
2026-01-29T14:33:30.489145,INFO,payment,User login
2026-01-29T14:33:30.692295,INFO,auth,Request OK
2026-01-29T14:33:30.893959,INFO,auth,User login
2026-01-29T14:33:31.096018,INFO,search,Request OK
2026-01-29T14:33:31.299496,INFO,auth,Request OK
2026-01-29T14:33:31.502636,INFO,payment,Request OK
2026-01-29T14:33:31.704414,INFO,payment,Request OK
2026-01-29T14:33:31.907171,INFO,search,Cache hit
2026-01-29T14:33:32.109528,INFO,auth,Cache hit
2026-01-29T14:33:32.311905,INFO,search,Request OK
2026-01-29T14:33:32.514188,INFO,search,Cache hit
2026-01-29T14:33:32.720182,WARN,orders,Request OK
2026-01-29T14:33:32.922704,INFO,orders,User login
2026-01-29T14:33:33.124656,ERROR,payment,Null pointer
2026-01-29T14:33:33.327079,INFO,auth,Request OK
2026-01-29T14:33:33.529524,INFO,orders,User login
2026-01-29T14:33:33.731291,WARN,auth,Request OK
2026-01-29T14:33:33.933756,INFO,payment,Request OK
2026-01-29T14:33:34.136132,INFO,search,User login
2026-01-29T14:33:34.338260,INFO,orders,Cache hit
2026-01-29T14:33:34.540634,INFO,orders,User login
2026-01-29T14:33:34.743925,INFO,search,Request OK
2026-01-29T14:33:34.945818,INFO,payment,User login
2026-01-29T14:33:35.147765,WARN,auth,Cache hit
2026-01-29T14:33:35.350110,INFO,payment,User login
2026-01-29T14:33:35.552082,INFO,search,Request OK
2026-01-29T14:33:35.753989,INFO,auth,Cache hit
2026-01-29T14:33:35.955650,INFO,payment,User login
2026-01-29T14:33:36.157502,INFO,payment,User login
2026-01-29T14:33:36.359946,ERROR,orders,DB failure
2026-01-29T14:33:36.561942,INFO,auth,Cache hit
2026-01-29T14:33:36.764730,INFO,search,Cache hit
2026-01-29T14:33:36.966583,WARN,search,User login
2026-01-29T14:33:37.168497,INFO,auth,Cache hit
2026-01-29T14:33:37.370499,INFO,payment,User login
2026-01-29T14:33:37.572612,INFO,payment,User login
2026-01-29T14:33:37.775208,WARN,orders,User login
2026-01-29T14:33:37.977358,INFO,payment,User login
2026-01-29T14:33:38.179624,WARN,search,User login
2026-01-29T14:33:38.381585,INFO,payment,Request OK
2026-01-29T14:33:38.584395,INFO,auth,Request OK
2026-01-29T14:33:38.787681,WARN,payment,Request OK
2026-01-29T14:33:38.990123,INFO,search,User login
2026-01-29T14:33:39.191975,INFO,search,Cache hit
2026-01-29T14:33:39.393714,INFO,payment,Request OK
2026-01-29T14:33:39.595828,INFO,auth,Cache hit
2026-01-29T14:33:39.798372,WARN,auth,Cache hit
2026-01-29T14:33:40.000557,INFO,orders,User login
2026-01-29T14:33:40.203382,INFO,orders,Cache hit
2026-01-29T14:33:40.405976,INFO,search,Cache hit
2026-01-29T14:33:40.609418,INFO,orders,User login
2026-01-29T14:33:40.811726,INFO,orders,Cache hit
2026-01-29T14:33:41.013848,WARN,search,Cache hit
2026-01-29T14:33:41.219582,INFO,auth,User login
2026-01-29T14:33:41.422104,INFO,payment,Request OK
2026-01-29T14:33:41.623845,INFO,search,Request OK
2026-01-29T14:33:41.827581,INFO,search,Request OK
2026-01-29T14:33:42.029498,INFO,search,User login
2026-01-29T14:33:42.232292,INFO,auth,User login
2026-01-29T14:33:42.434723,INFO,orders,User login
2026-01-29T14:33:42.636377,INFO,search,User login
2026-01-29T14:33:42.849125,INFO,orders,Cache hit
2026-01-29T14:33:43.050739,INFO,search,Request OK
2026-01-29T14:33:43.254298,INFO,auth,User login
2026-01-29T14:33:43.457554,INFO,search,Cache hit
2026-01-29T14:33:43.659797,INFO,payment,User login
2026-01-29T14:33:43.862004,INFO,search,User login
2026-01-29T14:33:44.064070,ERROR,auth,DB failure
2026-01-29T14:33:44.266200,INFO,auth,User login
2026-01-29T14:33:44.470002,WARN,payment,User login
2026-01-29T14:33:44.672250,INFO,payment,Cache hit
2026-01-29T14:33:44.874341,ERROR,auth,Timeout
2026-01-29T14:33:45.076137,WARN,payment,Request OK
2026-01-29T14:33:45.278363,INFO,auth,Request OK
2026-01-29T14:33:45.481332,ERROR,auth,DB failure
2026-01-29T14:33:45.683632,INFO,payment,Cache hit
2026-01-29T14:33:45.885551,INFO,payment,Cache hit
2026-01-29T14:33:46.088201,INFO,payment,User login
2026-01-29T14:33:46.290817,ERROR,auth,DB failure
2026-01-29T14:33:46.493324,INFO,orders,Cache hit
2026-01-29T14:33:46.695431,INFO,orders,Cache hit
2026-01-29T14:33:46.898045,INFO,search,User login
2026-01-29T14:33:47.100238,INFO,search,Request OK
2026-01-29T14:33:47.301901,INFO,auth,User login
2026-01-29T14:33:47.504334,INFO,search,User login
2026-01-29T14:33:47.706734,INFO,search,Request OK
2026-01-29T14:33:47.931832,INFO,search,Request OK
2026-01-29T14:33:48.134019,INFO,orders,User login
2026-01-29T14:33:48.336336,INFO,orders,Cache hit
2026-01-29T14:33:48.539504,INFO,auth,Cache hit
2026-01-29T14:33:48.741351,INFO,search,Cache hit
2026-01-29T14:33:48.943070,INFO,auth,Cache hit
2026-01-29T14:33:49.148776,INFO,orders,Request OK
2026-01-29T14:33:49.356516,INFO,search,Request OK
2026-01-29T14:33:49.559492,INFO,auth,User login
2026-01-29T14:33:49.762180,WARN,auth,Cache hit
2026-01-29T14:33:49.964295,INFO,orders,Request OK
2026-01-29T14:33:50.166170,INFO,search,User login
2026-01-29T14:33:50.369481,INFO,payment,Request OK
2026-01-29T14:33:50.571569,INFO,payment,Request OK
2026-01-29T14:33:50.773131,ERROR,orders,DB failure
2026-01-29T14:33:50.976403,ERROR,search,Null pointer
2026-01-29T14:33:51.180742,INFO,search,Cache hit
2026-01-29T14:33:51.383673,INFO,search,Cache hit
2026-01-29T14:33:51.586711,INFO,auth,Cache hit
2026-01-29T14:33:51.790412,INFO,auth,User login
2026-01-29T14:33:51.993411,WARN,orders,Request OK
2026-01-29T14:33:52.196263,INFO,search,User login
2026-01-29T14:33:52.397659,ERROR,orders,Null pointer
2026-01-29T14:33:52.600121,WARN,search,Cache hit
2026-01-29T14:33:52.804367,INFO,auth,User login
2026-01-29T14:33:53.006159,INFO,orders,User login
2026-01-29T14:33:53.210640,ERROR,payment,DB failure
2026-01-29T14:33:53.413314,ERROR,auth,Timeout
2026-01-29T14:33:53.615134,INFO,payment,Cache hit
2026-01-29T14:33:53.817932,WARN,search,Request OK
2026-01-29T14:33:54.024042,INFO,orders,Cache hit
2026-01-29T14:33:54.226827,INFO,search,Cache hit
2026-01-29T14:33:54.428648,INFO,payment,Request OK
2026-01-29T14:33:54.630433,INFO,auth,Cache hit
2026-01-29T14:33:54.834256,ERROR,search,Timeout
2026-01-29T14:33:55.035898,INFO,payment,Request OK
2026-01-29T14:33:55.239402,WARN,orders,Request OK
2026-01-29T14:33:55.441974,ERROR,auth,Null pointer
2026-01-29T14:33:55.643678,INFO,auth,Cache hit
2026-01-29T14:33:55.846576,INFO,orders,Request OK
2026-01-29T14:33:56.049824,INFO,orders,User login
2026-01-29T14:33:56.252345,INFO,auth,User login
2026-01-29T14:33:56.454520,INFO,payment,Request OK
2026-01-29T14:33:56.657624,ERROR,orders,Timeout
2026-01-29T14:33:56.860940,INFO,auth,User login
2026-01-29T14:33:57.065981,INFO,auth,Cache hit
2026-01-29T14:33:57.268644,ERROR,payment,Null pointer
2026-01-29T14:33:57.470618,WARN,payment,User login
2026-01-29T14:33:57.672368,INFO,payment,Cache hit
2026-01-29T14:33:57.874258,INFO,payment,Request OK
2026-01-29T14:33:58.077839,INFO,search,Cache hit
2026-01-29T14:33:58.280989,INFO,payment,User login
2026-01-29T14:33:58.485085,INFO,auth,Cache hit
2026-01-29T14:33:58.687069,INFO,payment,User login
2026-01-29T14:33:58.888887,INFO,payment,Request OK
2026-01-29T14:33:59.090731,INFO,auth,Cache hit
2026-01-29T14:33:59.293935,INFO,search,Request OK
2026-01-29T14:33:59.495638,ERROR,search,DB failure
2026-01-29T14:33:59.698085,WARN,payment,User login
2026-01-29T14:33:59.900155,INFO,auth,Request OK
2026-01-29T14:34:00.103087,INFO,orders,Request OK
2026-01-29T14:34:00.311368,INFO,payment,Request OK
2026-01-29T14:34:00.513002,INFO,orders,Request OK
2026-01-29T14:34:00.715444,INFO,orders,Request OK
2026-01-29T14:34:00.919465,INFO,search,Cache hit
2026-01-29T14:34:01.122168,INFO,search,Request OK
2026-01-29T14:34:01.323896,ERROR,orders,DB failure
2026-01-29T14:34:01.526629,INFO,payment,Request OK
2026-01-29T14:34:01.729661,INFO,orders,User login
2026-01-29T14:34:01.933218,INFO,search,Request OK
2026-01-29T14:34:02.134886,ERROR,payment,Timeout
2026-01-29T14:34:02.336607,INFO,auth,Cache hit
2026-01-29T14:34:02.546780,INFO,orders,User login
2026-01-29T14:34:02.758139,INFO,auth,User login
2026-01-29T14:34:02.959918,INFO,orders,Request OK
2026-01-29T14:34:03.162244,WARN,auth,User login
2026-01-29T14:34:03.364095,ERROR,auth,Timeout
2026-01-29T14:34:03.566027,INFO,search,Cache hit
2026-01-29T14:34:03.767709,INFO,payment,User login
2026-01-29T14:34:03.969755,INFO,search,Request OK
2026-01-29T14:34:04.173748,WARN,orders,User login
2026-01-29T14:34:04.375174,INFO,search,Request OK
2026-01-29T14:34:04.578078,INFO,search,User login
2026-01-29T14:34:04.780111,INFO,search,Request OK
2026-01-29T14:34:04.981568,INFO,search,Cache hit
2026-01-29T14:34:05.184973,INFO,search,Request OK
2026-01-29T14:34:05.388917,INFO,payment,User login
2026-01-29T14:34:05.591463,INFO,search,Cache hit
2026-01-29T14:34:05.793095,INFO,auth,User login
2026-01-29T14:34:05.994931,WARN,orders,Request OK
2026-01-29T14:34:06.197059,INFO,orders,Cache hit
2026-01-29T14:34:06.400063,INFO,orders,User login
2026-01-29T14:34:06.602794,INFO,auth,Cache hit
2026-01-29T14:34:06.804591,INFO,auth,Cache hit
2026-01-29T14:34:07.006371,INFO,auth,User login
2026-01-29T14:34:07.208652,INFO,search,Request OK
2026-01-29T14:34:07.410654,INFO,orders,Request OK
2026-01-29T14:34:07.613182,WARN,search,Cache hit
2026-01-29T14:34:07.814947,INFO,auth,Request OK
2026-01-29T14:34:08.017333,INFO,orders,User login
2026-01-29T14:34:08.219961,INFO,payment,User login